{
    "ConfigVersion": "1",
    "DebugOn": 0,
    "WeatherPresets": [
        {
            "name": "Blizzard",
            "chance": 20.0,
            "transition_minutes_min": 10.0,
            "transition_minutes_max": 20.0,
            "duration_minutes_min": 10.0,
            "duration_minutes_max": 30.0,
            "overcast_min": 0.800000011920929,
            "overcast_max": 1.0,
            "fog_min": 0.8999999761581421,
            "fog_max": 1.0,
            "wind_min": 0.699999988079071,
            "wind_max": 1.0,
            "rain_min": 0.8999999761581421,
            "rain_max": 1.0,
            "storm": 1,
            "thunder_timeout": 10.0
        },
        {
            "name": "Clear Skies",
            "chance": 200.0,
            "transition_minutes_min": 15.0,
            "transition_minutes_max": 30.0,
            "duration_minutes_min": 30.0,
            "duration_minutes_max": 90.0,
            "overcast_min": 0.0,
            "overcast_max": 0.30000001192092898,
            "fog_min": 0.0,
            "fog_max": 0.0,
            "wind_min": 0.0,
            "wind_max": 0.10000000149011612,
            "rain_min": 0.0,
            "rain_max": 0.0,
            "storm": 0,
            "thunder_timeout": 0.0
        },
        {
            "name": "Light Snow, Light Overcast",
            "chance": 100.0,
            "transition_minutes_min": 15.0,
            "transition_minutes_max": 30.0,
            "duration_minutes_min": 10.0,
            "duration_minutes_max": 30.0,
            "overcast_min": 0.5,
            "overcast_max": 0.800000011920929,
            "fog_min": 0.10000000149011612,
            "fog_max": 0.20000000298023225,
            "wind_min": 0.0,
            "wind_max": 0.009999999776482582,
            "rain_min": 0.20000000298023225,
            "rain_max": 0.30000001192092898,
            "storm": 0,
            "thunder_timeout": 0.0
        },
        {
            "name": "Overcast with Slight Wind",
            "chance": 100.0,
            "transition_minutes_min": 15.0,
            "transition_minutes_max": 30.0,
            "duration_minutes_min": 10.0,
            "duration_minutes_max": 30.0,
            "overcast_min": 0.4000000059604645,
            "overcast_max": 0.800000011920929,
            "fog_min": 0.0,
            "fog_max": 0.10000000149011612,
            "wind_min": 0.0,
            "wind_max": 0.05000000074505806,
            "rain_min": 0.0,
            "rain_max": 0.0,
            "storm": 0,
            "thunder_timeout": 0.0
        },
        {
            "name": "Snow with Slight Wind",
            "chance": 100.0,
            "transition_minutes_min": 15.0,
            "transition_minutes_max": 30.0,
            "duration_minutes_min": 10.0,
            "duration_minutes_max": 30.0,
            "overcast_min": 0.6000000238418579,
            "overcast_max": 0.8999999761581421,
            "fog_min": 0.10000000149011612,
            "fog_max": 0.20000000298023225,
            "wind_min": 0.0,
            "wind_max": 0.05000000074505806,
            "rain_min": 0.20000000298023225,
            "rain_max": 0.5,
            "storm": 0,
            "thunder_timeout": 0.0
        },
        {
            "name": "Snow with No Wind",
            "chance": 100.0,
            "transition_minutes_min": 15.0,
            "transition_minutes_max": 30.0,
            "duration_minutes_min": 10.0,
            "duration_minutes_max": 30.0,
            "overcast_min": 0.6000000238418579,
            "overcast_max": 0.8999999761581421,
            "fog_min": 0.10000000149011612,
            "fog_max": 0.20000000298023225,
            "wind_min": 0.0,
            "wind_max": 0.009999999776482582,
            "rain_min": 0.20000000298023225,
            "rain_max": 0.5,
            "storm": 0,
            "thunder_timeout": 0.0
        }
    ]
}